﻿<?xml version="1.0" encoding="utf-8"?>
<askTravels>
  <ask when="12-02-16 10:30 AM" toName="בנימינה גבעת עדה" toLat="32.517078" toLen="34.955096000000026" fromName="בנימינה גבעת עדה" fromLat="32.517078" fromLen="34.955096000000026" userPass="1111" />
  <ask when="17-02-16 09:30 AM" toName="אהרונוביץ' 20" toLat="32.0884929" toLen="34.83872139999994" fromName="אהרונוביץ' 10" fromLat="32.0909163" fromLen="34.839072699999974" userPass="9999" />
  <ask when="17-02-16 09:30 AM" toName="דרך יפו 45" toLat="32.0606182" toLen="34.77339170000005" fromName="דרך יפו 20" fromLat="32.0601589" fromLen="34.769156899999984" userPass="9999" />
  <ask when="17-02-16 09:30 AM" toName="Jerusalem District" toLat="31.7648243" toLen="34.99475099999995" fromName="Tel Aviv-Yafo" fromLat="32.0852999" fromLen="34.78176759999997" userPass="5555" />
  <ask when="17-02-16 09:30 AM" toName="Jerusalem District" toLat="31.7648243" toLen="34.99475099999995" fromName="Tel Aviv-Yafo" fromLat="32.0852999" fromLen="34.78176759999997" userPass="1111" />
  <ask when="07-03-16 13:14 PM" toName="Jerusalem District" toLat="31.7648243" toLen="34.99475099999995" fromName="Tel Aviv-Yafo" fromLat="32.0852999" fromLen="34.78176759999997" userPass="1111" />
  <ask when="07-03-16 13:18 PM" toName="Jerusalem District" toLat="31.7648243" toLen="34.99475099999995" fromName="Tel Aviv-Yafo" fromLat="32.0852999" fromLen="34.78176759999997" userPass="1111" />
  <ask when="07-03-16 13:18 PM" toName="Jerusalem" toLat="31.768319" toLen="35.21370999999999" fromName="Tel Aviv-Yafo" fromLat="32.0852999" fromLen="34.78176759999997" userPass="1111" />
  <ask when="07-03-16 13:49 PM" toName="Jerusalem" toLat="31.768319" toLen="35.21370999999999" fromName="Tel Aviv-Yafo" fromLat="32.0852999" fromLen="34.78176759999997" userPass="1111" />
  <ask when="07-03-16 13:49 PM" toName="Jerusalem" toLat="31.768319" toLen="35.21370999999999" fromName="Tel Aviv-Yafo" fromLat="32.0852999" fromLen="34.78176759999997" userPass="1111" />
  <ask when="07-03-16 14:01 PM" toName="Jerusalem District" toLat="31.7648243" toLen="34.99475099999995" fromName="Tel Aviv-Yafo" fromLat="32.0852999" fromLen="34.78176759999997" userPass="1111" />
  <ask when="07-03-16 14:12 PM" toName="Jerusalem District" toLat="31.7648243" toLen="34.99475099999995" fromName="Tel Aviv-Yafo" fromLat="32.0852999" fromLen="34.78176759999997" userPass="1111" />
  <ask when="07-03-16 14:12 PM" toName="Jerusalem District" toLat="31.7648243" toLen="34.99475099999995" fromName="Tel Aviv-Yafo" fromLat="32.0852999" fromLen="34.78176759999997" userPass="1111" />
  <ask when="07-03-16 06:20 AM" toName="Jerusalem District" toLat="31.7648243" toLen="34.99475099999995" fromName="Tel Aviv-Yafo" fromLat="32.0852999" fromLen="34.78176759999997" userPass="1111" />
  <ask when="17-02-16 09:30 AM" toName="Jerusalem District" toLat="31.7648243" toLen="34.99475099999995" fromName="Bnei Brak" fromLat="32.084932" fromLen="34.835226000000034" userPass="1111" />
  <ask when="17-02-16 09:30 AM" toName="Jerusalem District" toLat="31.7648243" toLen="34.99475099999995" fromName="Tel Aviv-Yafo" fromLat="32.0852999" fromLen="34.78176759999997" userPass="5555" />
  <ask when="17-02-16 09:30 AM" toName="Jerusalem District" toLat="31.7648243" toLen="34.99475099999995" fromName="Tel Aviv-Yafo" fromLat="32.0852999" fromLen="34.78176759999997" userPass="5555" />
  <ask when="17-02-16 09:30 AM" toName="Jerusalem District" toLat="31.7648243" toLen="34.99475099999995" fromName="Tel Aviv-Yafo" fromLat="32.0852999" fromLen="34.78176759999997" userPass="5555" />
  <ask when="07-03-16 14:29 PM" toName="Jerusalem District" toLat="31.7648243" toLen="34.99475099999995" fromName="Tel Aviv-Yafo" fromLat="32.0852999" fromLen="34.78176759999997" userPass="5555" />
  <ask when="17-02-16 09:30 AM" toName="Jerusalem District" toLat="31.7648243" toLen="34.99475099999995" fromName="Tel Aviv-Yafo" fromLat="32.0852999" fromLen="34.78176759999997" userPass="1111" />
  <ask when="17-02-16 09:30 AM" toName="Jerusalem District" toLat="31.7648243" toLen="34.99475099999995" fromName="Tel Aviv-Yafo" fromLat="32.0852999" fromLen="34.78176759999997" userPass="123" />
  <ask when="17-02-16 09:30 AM" toName="Jerusalem District" toLat="31.7648243" toLen="34.99475099999995" fromName="Tel Aviv-Yafo" fromLat="32.0852999" fromLen="34.78176759999997" userPass="123" />
  <ask when="18-02-16 15:50 PM" toName="Jerusalem District" toLat="31.7648243" toLen="34.99475099999995" fromName="Tel Aviv-Yafo" fromLat="32.0852999" fromLen="34.78176759999997" userPass="123" />
  <ask when="07-03-16 14:34 PM" toName="Jerusalem District" toLat="31.7648243" toLen="34.99475099999995" fromName="Tel Aviv-Yafo" fromLat="32.0852999" fromLen="34.78176759999997" userPass="123" />
  <ask when="17-02-16 02:30 AM" toName="Jerusalem District" toLat="31.7648243" toLen="34.99475099999995" fromName="Tel Aviv-Yafo" fromLat="32.0852999" fromLen="34.78176759999997" userPass="123" />
  <ask when="17-02-16 02:30 AM" toName="Jerusalem District" toLat="31.7648243" toLen="34.99475099999995" fromName="Tel Aviv-Yafo" fromLat="32.0852999" fromLen="34.78176759999997" userPass="123" />
  <ask when="07-03-16 14:36 PM" toName="Jerusalem District" toLat="31.7648243" toLen="34.99475099999995" fromName="Tel Aviv-Yafo" fromLat="32.0852999" fromLen="34.78176759999997" userPass="123" />
  <ask when="17-02-16 09:30 AM" toName="Jerusalem District" toLat="31.7648243" toLen="34.99475099999995" fromName="Tel Aviv-Yafo" fromLat="32.0852999" fromLen="34.78176759999997" userPass="5555" />
  <ask when="07-03-16 14:37 PM" toName="Jerusalem District" toLat="31.7648243" toLen="34.99475099999995" fromName="Tel Aviv-Yafo" fromLat="32.0852999" fromLen="34.78176759999997" userPass="5555" />
  <ask when="07-03-16 14:37 PM" toName="Jerusalem District" toLat="31.7648243" toLen="34.99475099999995" fromName="Tel Aviv-Yafo" fromLat="32.0852999" fromLen="34.78176759999997" userPass="5555" />
  <ask when="07-03-16 14:37 PM" toName="Jerusalem District" toLat="31.7648243" toLen="34.99475099999995" fromName="Tel Aviv-Yafo" fromLat="32.0852999" fromLen="34.78176759999997" userPass="5555" />
  <ask when="07-03-16 14:37 PM" toName="Jerusalem District" toLat="31.7648243" toLen="34.99475099999995" fromName="Tel Aviv-Yafo" fromLat="32.0852999" fromLen="34.78176759999997" userPass="5555" />
  <ask when="07-03-16 14:37 PM" toName="Jerusalem District" toLat="31.7648243" toLen="34.99475099999995" fromName="Tel Aviv-Yafo" fromLat="32.0852999" fromLen="34.78176759999997" userPass="5555" />
  <ask when="17-02-16 15:50 PM" toName="Jerusalem District" toLat="31.7648243" toLen="34.99475099999995" fromName="Tel Aviv-Yafo" fromLat="32.0852999" fromLen="34.78176759999997" userPass="5555" />
  <ask when="17-02-16 15:50 PM" toName="Jerusalem District" toLat="31.7648243" toLen="34.99475099999995" fromName="Tel Aviv-Yafo" fromLat="32.0852999" fromLen="34.78176759999997" userPass="5555" />
  <ask when="17-02-16 15:50 PM" toName="Jerusalem District" toLat="31.7648243" toLen="34.99475099999995" fromName="Tel Aviv-Yafo" fromLat="32.0852999" fromLen="34.78176759999997" userPass="5555" />
  <ask when="17-02-16 15:50 PM" toName="Jerusalem District" toLat="31.7648243" toLen="34.99475099999995" fromName="Tel Aviv-Yafo" fromLat="32.0852999" fromLen="34.78176759999997" userPass="5555" />
  <ask when="07-03-16 14:42 PM" toName="Jerusalem District" toLat="31.7648243" toLen="34.99475099999995" fromName="Tel Aviv-Yafo" fromLat="32.0852999" fromLen="34.78176759999997" userPass="5555" />
  <ask when="07-03-16 14:42 PM" toName="Jerusalem District" toLat="31.7648243" toLen="34.99475099999995" fromName="Tel Aviv-Yafo" fromLat="32.0852999" fromLen="34.78176759999997" userPass="5555" />
  <ask when="17-02-16 09:30 AM" toName="Jerusalem District" toLat="31.7648243" toLen="34.99475099999995" fromName="Tel Aviv District" fromLat="32.0929075" fromLen="34.80721649999998" userPass="9999" />
  <ask when="07-03-16 15:03 PM" toName="Jerusalem District" toLat="31.7648243" toLen="34.99475099999995" fromName="Tel Aviv-Yafo" fromLat="32.0852999" fromLen="34.78176759999997" userPass="5555" />
  <ask when="17-02-16 09:30 AM" toName="Jerusalem District" toLat="31.7648243" toLen="34.99475099999995" fromName="Tel Aviv-Yafo" fromLat="32.0852999" fromLen="34.78176759999997" userPass="5555" />
  <ask when="17-02-16 09:30 AM" toName="Jerusalem District" toLat="31.7648243" toLen="34.99475099999995" fromName="Tel Aviv-Yafo" fromLat="32.0852999" fromLen="34.78176759999997" userPass="5555" />
  <ask when="07-03-16 15:30 PM" toName="ירושלים" toLat="31.768319" toLen="35.21370999999999" fromName="תל אביב יפו" fromLat="32.0852999" fromLen="34.78176759999997" userPass="5555" />
  <ask when="07-03-16 15:30 PM" toName="ירושלים" toLat="31.768319" toLen="35.21370999999999" fromName="תל אביב יפו" fromLat="32.0852999" fromLen="34.78176759999997" userPass="5555" />
  <ask when="07-03-16 15:39 PM" toName="ירושלים" toLat="31.768319" toLen="35.21370999999999" fromName="בני ברק" fromLat="32.084932" fromLen="34.835226000000034" userPass="5555" />
  <ask when="07-03-16 15:40 PM" toName="ירושלים" toLat="31.768319" toLen="35.21370999999999" fromName="תל אביב יפו" fromLat="32.0852999" fromLen="34.78176759999997" userPass="5555" />
  <ask when="07-03-16 15:40 PM" toName="ירושלים" toLat="31.768319" toLen="35.21370999999999" fromName="תל אביב יפו" fromLat="32.0852999" fromLen="34.78176759999997" userPass="5555" />
  <ask when="07-03-16 15:40 PM" toName="ירושלים" toLat="31.768319" toLen="35.21370999999999" fromName="מחוז תל אביב" fromLat="32.0929075" fromLen="34.80721649999998" userPass="5555" />
  <ask when="07-03-16 15:40 PM" toName="ירושלים" toLat="31.768319" toLen="35.21370999999999" fromName="מחוז תל אביב" fromLat="32.0929075" fromLen="34.80721649999998" userPass="5555" />
  <ask when="07-03-16 15:40 PM" toName="ירושלים" toLat="31.768319" toLen="35.21370999999999" fromName="מחוז תל אביב" fromLat="32.0929075" fromLen="34.80721649999998" userPass="5555" />
  <ask when="17-02-16 09:30 AM" toName="ירושלים" toLat="31.768319" toLen="35.21370999999999" fromName="מחוז תל אביב" fromLat="32.0929075" fromLen="34.80721649999998" userPass="5555" />
  <ask when="17-02-16 09:30 AM" toName="ירושלים" toLat="31.768319" toLen="35.21370999999999" fromName="תל אביב יפו" fromLat="32.0852999" fromLen="34.78176759999997" userPass="5555" />
</askTravels>