﻿<?xml version="1.0" encoding="utf-8"?>
<users>
  <user name="טובי" password="123" email="tovi@gmail.com" sms="0545722284" />
  <user name="shoshi" password="123456" email="isra" sms="0545722284" />
  <user name="שושי" password="4210" email="shoshii4210@gmail.com" sms="0545722284" />
  <user name="חנהלה ושמלת השבת" password="1111" email="chana@gmail.com" sms="0545722284" />
  <user name="אליעזר והגזר" password="5555" email="gezer@gmail.com" sms="0545722284" />
  <user name="דניאל" password="789" email="ag@gmail.c" sms="0545722284" />
  <user name="חני" password="9999" email="chani@gmail.com.il" sms="0545722284" />
  <user name="שושי" password="aaa" email="shoshi@gmail.com" sms="0545722284" />
  <user name="טובי קרלינסקי" password="2222" email="tovi@gmail.com" sms="0545722284" />
  <user name="פסי" password="7777" email="pesia@gmail.com" sms="0545722284" />
  <user name="מינהלי המנהלת" password="3333" email="minali@gmail.com" sms="0545722284" />
  <user name="שושקה" password="12345" email="shosho@gmail.com" sms="0545722284" />
  <user name="יעקב" password="yyyy" email="yyy@gmail.com" sms="0548522231" />
  <user name="נהכגד" password="דעכנעכד" email="נכגדכגנ" sms="נכדכנ" />
</users>